benchmark,system,status,median_seconds
browse,snail-native,unavailable,
browse,chez,passed,0.00047391
browse,guile,passed,0.003058631
browse,chibi,passed,0.327
deriv,snail-native,unavailable,
deriv,chez,passed,1.925e-06
deriv,guile,passed,5.2441e-05
deriv,chibi,runtime-invalid-output,
destruc,snail-native,unavailable,
destruc,chez,passed,0.000281108
destruc,guile,passed,0.000642482
destruc,chibi,passed,0.006
diviter,snail-native,unavailable,
diviter,chez,passed,1.836e-06
diviter,guile,passed,1.2706e-05
diviter,chibi,runtime-invalid-output,
divrec,snail-native,unavailable,
divrec,chez,passed,4.024e-06
divrec,guile,passed,2.6229e-05
divrec,chibi,runtime-invalid-output,
puzzle,snail-native,unavailable,
puzzle,chez,passed,0.001051778
puzzle,guile,passed,0.0117296
puzzle,chibi,passed,0.082
triangl,snail-native,unavailable,
triangl,chez,passed,0.0167006
triangl,guile,passed,0.040244609
triangl,chibi,passed,0.623
tak,snail-native,unavailable,
tak,chez,passed,0.630930152
tak,guile,passed,2.113378883
tak,chibi,runtime-timeout,
takl,snail-native,unavailable,
takl,chez,passed,2.4769327
takl,guile,passed,2.594376864
takl,chibi,runtime-timeout,
ntakl,snail-native,unavailable,
ntakl,chez,passed,2.476128317
ntakl,guile,passed,2.590678236
ntakl,chibi,runtime-timeout,
cpstak,snail-native,unavailable,
cpstak,chez,passed,1.777410347
cpstak,guile,runtime-timeout,
cpstak,chibi,runtime-timeout,
ctak,snail-native,unavailable,
ctak,chez,passed,0.249043526
ctak,guile,runtime-timeout,
ctak,chibi,runtime-timeout,
fib,snail-native,unavailable,
fib,chez,passed,0.276190563
fib,guile,passed,0.941411182
fib,chibi,passed,4.371
fibc,snail-native,unavailable,
fibc,chez,passed,0.020363249
fibc,guile,runtime-timeout,
fibc,chibi,runtime-timeout,
fibfp,snail-native,unavailable,
fibfp,chez,passed,0.087108123
fibfp,guile,passed,1.002127322
fibfp,chibi,passed,1.457
sum,snail-native,unavailable,
sum,chez,passed,5.753e-06
sum,guile,passed,1.2598e-05
sum,chibi,runtime-invalid-output,
sumfp,snail-native,unavailable,
sumfp,chez,passed,0.003848799
sumfp,guile,passed,0.037545597
sumfp,chibi,passed,0.055
fft,snail-native,unavailable,
fft,chez,passed,0.010345277
fft,guile,passed,0.035934623
fft,chibi,passed,0.208
mbrot,snail-native,unavailable,
mbrot,chez,passed,0.003844573
mbrot,guile,passed,0.024444695
mbrot,chibi,passed,0.061
mbrotZ,snail-native,unavailable,
mbrotZ,chez,passed,0.003275152
mbrotZ,guile,passed,0.02563519
mbrotZ,chibi,passed,0.136
nucleic,snail-native,unavailable,
nucleic,chez,passed,0.017541935
nucleic,guile,passed,0.136752367
nucleic,chibi,passed,0.547
pi,snail-native,unavailable,
pi,chez,passed,0.002851676
pi,guile,passed,0.000750996
pi,chibi,passed,4.516
pnpoly,snail-native,unavailable,
pnpoly,chez,passed,4.337e-06
pnpoly,guile,passed,6.0794e-05
pnpoly,chibi,runtime-invalid-output,
ray,snail-native,unavailable,
ray,chez,passed,0.018434485
ray,guile,passed,0.143396356
ray,chibi,passed,1.442
simplex,snail-native,unavailable,
simplex,chez,passed,7.02e-06
simplex,guile,passed,1.7522e-05
simplex,chibi,runtime-invalid-output,
ack,snail-native,unavailable,
ack,chez,passed,0.402959952
ack,guile,passed,1.42458531
ack,chibi,runtime-timeout,
array1,snail-native,unavailable,
array1,chez,passed,0.012594217
array1,guile,passed,0.011045105
array1,chibi,passed,0.045
string,snail-native,unavailable,
string,chez,passed,0.018174083
string,guile,passed,0.01424669
string,chibi,passed,0.037
sum1,snail-native,unavailable,
sum1,chez,passed,0.017342803
sum1,guile,passed,0.155318917
sum1,chibi,passed,1.363
cat,snail-native,unavailable,
cat,chez,passed,0.014088557
cat,guile,passed,0.129512255
cat,chibi,passed,0.343
tail,snail-native,unavailable,
tail,chez,passed,0.023228713
tail,guile,passed,0.070362469
tail,chibi,passed,0.095
wc,snail-native,unavailable,
wc,chez,passed,0.013103586
wc,guile,passed,0.076945494
wc,chibi,passed,2.689
read1,snail-native,unavailable,
read1,chez,passed,0.000176325
read1,guile,passed,0.001545163
read1,chibi,passed,0.032
compiler,snail-native,unavailable,
compiler,chez,passed,0.000521992
compiler,guile,passed,0.005296341
compiler,chibi,passed,0.018
conform,snail-native,unavailable,
conform,chez,passed,0.00236374
conform,guile,passed,0.010230733
conform,chibi,passed,0.098
dynamic,snail-native,unavailable,
dynamic,chez,passed,0.00203464
dynamic,guile,passed,0.010023234
dynamic,chibi,passed,0.212
earley,snail-native,unavailable,
earley,chez,passed,1.835417144
earley,guile,runtime-timeout,
earley,chibi,runtime-timeout,
graphs,snail-native,unavailable,
graphs,chez,passed,0.277775998
graphs,guile,runtime-timeout,
graphs,chibi,runtime-timeout,
lattice,snail-native,unavailable,
lattice,chez,passed,0.117323412
lattice,guile,passed,0.485014393
lattice,chibi,runtime-timeout,
matrix,snail-native,unavailable,
matrix,chez,passed,0.000256137
matrix,guile,passed,0.003254049
matrix,chibi,passed,0.027
maze,snail-native,unavailable,
maze,chez,passed,5.8779e-05
maze,guile,passed,0.00029995
maze,chibi,passed,0.004
mazefun,snail-native,unavailable,
mazefun,chez,passed,0.000131392
mazefun,guile,passed,0.000536522
mazefun,chibi,passed,0.004
nqueens,snail-native,unavailable,
nqueens,chez,passed,0.260572888
nqueens,guile,passed,0.836589205
nqueens,chibi,runtime-timeout,
paraffins,snail-native,unavailable,
paraffins,chez,passed,0.307365202
paraffins,guile,passed,0.970034669
paraffins,chibi,runtime-timeout,
parsing,snail-native,unavailable,
parsing,chez,passed,0.000691904
parsing,guile,passed,0.002025297
parsing,chibi,passed,0.237
peval,snail-native,unavailable,
peval,chez,passed,0.000587322
peval,guile,passed,0.003996032
peval,chibi,passed,0.029
primes,snail-native,unavailable,
primes,chez,passed,4.3227e-05
primes,guile,passed,0.000243142
primes,chibi,runtime-invalid-output,
quicksort,snail-native,unavailable,
quicksort,chez,passed,0.000818927
quicksort,guile,passed,0.001196771
quicksort,chibi,passed,0.033
scheme,snail-native,unavailable,
scheme,chez,passed,2.1478e-05
scheme,guile,passed,0.000135628
scheme,chibi,runtime-invalid-output,
slatex,snail-native,unavailable,
slatex,chez,passed,0.00222363
slatex,guile,passed,0.005278596
slatex,chibi,passed,0.085
chudnovsky,snail-native,unavailable,
chudnovsky,chez,passed,0.000131281
chudnovsky,guile,passed,0.000146801
chudnovsky,chibi,passed,0.057
nboyer,snail-native,unavailable,
nboyer,chez,passed,0.939817151
nboyer,guile,passed,2.41553444
nboyer,chibi,runtime-timeout,
sboyer,snail-native,unavailable,
sboyer,chez,passed,0.400654052
sboyer,guile,passed,1.41258715
sboyer,chibi,runtime-timeout,
gcbench,snail-native,unavailable,
gcbench,chez,passed,0.396826141
gcbench,guile,passed,1.237435701
gcbench,chibi,runtime-timeout,
mperm,snail-native,unavailable,
mperm,chez,passed,0.300670358
mperm,guile,passed,0.529506856
mperm,chibi,runtime-timeout,
equal,snail-native,unavailable,
equal,chez,passed,0.259066183
equal,guile,runtime-timeout,
equal,chibi,runtime-timeout,
bv2string,snail-native,unavailable,
bv2string,chez,passed,0.005665596
bv2string,guile,passed,0.012867225
bv2string,chibi,passed,0.031
